{"chunk_definitions":[{"chunk_id":"c8bplcpuamxsg","chunk_label":"unnamed-chunk-1","document_id":"7556F6BD","expansion_state":0,"options":{"engine":"r","label":"unnamed-chunk-1"},"row":20,"row_count":1,"visible":true},{"chunk_id":"ckdvr1yhymcyt","chunk_label":"unnamed-chunk-2","document_id":"7556F6BD","expansion_state":0,"options":{"engine":"r","label":"unnamed-chunk-36"},"row":28,"row_count":1,"visible":true},{"chunk_id":"c6u1hkx87h7b2","chunk_label":"unnamed-chunk-3","document_id":"7556F6BD","expansion_state":0,"options":{"engine":"r","label":"unnamed-chunk-4"},"row":39,"row_count":1,"visible":true},{"chunk_id":"ceq6dk3spw0xa","chunk_label":"unnamed-chunk-4","document_id":"7556F6BD","expansion_state":0,"options":{"engine":"r","label":"unnamed-chunk-5"},"row":66,"row_count":1,"visible":true},{"chunk_id":"cyd8z9gn8b0k4","chunk_label":"unnamed-chunk-5","document_id":"7556F6BD","expansion_state":0,"options":{"engine":"r","label":"unnamed-chunk-11"},"row":107,"row_count":1,"visible":true},{"chunk_id":"c73zlwg4t7l8m","chunk_label":"unnamed-chunk-6","document_id":"7556F6BD","expansion_state":0,"options":{"engine":"r","label":"unnamed-chunk-12"},"row":118,"row_count":1,"visible":true},{"chunk_id":"cd3mrqf1k6hwl","chunk_label":"unnamed-chunk-7","document_id":"7556F6BD","expansion_state":0,"options":{"engine":"r","label":"unnamed-chunk-41"},"row":150,"row_count":1,"visible":true},{"chunk_id":"comuzbyz3ttiq","chunk_label":"unnamed-chunk-8","document_id":"7556F6BD","expansion_state":0,"options":{"engine":"r","label":"unnamed-chunk-45"},"row":156,"row_count":1,"visible":true}],"doc_write_time":1579189354}