{"chunk_definitions":[{"chunk_id":"cdeczf5dbqkg9","chunk_label":"unnamed-chunk-1","document_id":"A1E9A18A","expansion_state":0,"options":{"engine":"r","label":"unnamed-chunk-1"},"row":22,"row_count":1,"visible":true},{"chunk_id":"c6em0px7ef9z7","chunk_label":"unnamed-chunk-2","document_id":"A1E9A18A","expansion_state":0,"options":{"engine":"r","label":"unnamed-chunk-2"},"row":30,"row_count":1,"visible":true},{"chunk_id":"cflyx0mxyf6eb","chunk_label":"unnamed-chunk-8","document_id":"A1E9A18A","expansion_state":0,"options":{"engine":"r","label":"unnamed-chunk-15"},"row":158,"row_count":1,"visible":true},{"chunk_id":"cqovq0vfp942q","chunk_label":"unnamed-chunk-9","document_id":"A1E9A18A","expansion_state":0,"options":{"engine":"r","label":"unnamed-chunk-16"},"row":162,"row_count":1,"visible":true},{"chunk_id":"clsheyxggkqt6","chunk_label":"unnamed-chunk-10","document_id":"A1E9A18A","expansion_state":0,"options":{"engine":"r","label":"unnamed-chunk-22"},"row":168,"row_count":1,"visible":true}],"doc_write_time":1579197212}