"library#01","it"
"library#02","them"
"library#03","it"
"library#04","they"
"library#05","their"
"library#06","it"
"library#07","them"
"library#08","It"
"library#09","It"
"library#10","it"
"library#11","their"
"library#11","their"
"library#12","them"
"library#12","them"
"library#13","it"
"library#14","It"
"library#15","they"
"library#16","they"
"library#17","it"
"library#18","it"
"library#19","their"
"library#20","their"
"library#21","it"
"library#22","their"
"library#23","their"
"library#24","their"
"library#25","its"
"weather#01","they"
"weather#02","its"
"weather#03","their"
"weather#04","them"
"weather#05","they"
"weather#06","its"
"weather#07","its"
"weather#08","they"
"weather#09","its"
"weather#10","its"
"weather#11","its"
"weather#12","they"
"weather#13","its"
"weather#14","their"
"weather#15","its"
"weather#16","their"
"weather#17","its"
"weather#18","their"
"weather#19","it"
"weather#20","their"
"railway#01","it"
"railway#02","it"
"railway#03","It"
"railway#04","their"
"railway#05","it"
"railway#06","it"
"railway#06","its"
"railway#07","it"
"railway#08","their"
"railway#09","its"
"railway#10","him"
"railway#11","it"
"railway#11","its"
"railway#12","It"
"railway#13","it"
"railway#14","it"
"railway#15","him"
"railway#16","its"
"railway#17","it"
"railway#18","its"
"railway#19","him"
"railway#20","its"
"railway#21","it"
"railway#22","its"
"railway#23","It"
"railway#24","it"
"railway#25","it"
"railway#26","them"
"railway#27","it"
"railway#28","its"
"railway#29","he"
"railway#30","It"
"railway#31","it"
"railway#32","it"
"railway#33","it"
"railway#34","It"
"railway#34","it"
"railway#35","it"
"railway#36","it"
"railway#37","it"
"railway#38","their"
"railway#39","it"
"railway#40","it"
"railway#40","it"
"railway#41","he"
"railway#42","it"
"railway#43","It"
"railway#43","their"
"railway#44","its"
"railway#45","they"
"railway#46","It"
"railway#46","they"
"railway#47","itself"
"railway#48","it"
"railway#49","it"
"railway#50","it"
"railway#51","he"
"railway#52","it"
"railway#53","our"
"railway#54","it"
"railway#55","it"
"railway#56","it"
"railway#57","it"
"railway#57","its"
"railway#58","it"
"railway#59","their"
"railway#60","its"
"railway#61","it"
"railway#62","he"
"home#01","them"
"home#02","it"
"home#03","their"
"space#01","its"
"space#02","it"
"space#02","it"
"space#03","its"
"space#04","it"
"space#04","its"
"space#05","it"
"space#05","it"
"space#06","its"
"space#07","their"
"space#08","it"
"space#08","it"
"space#09","their"
"space#10","their"
"space#11","its"
"space#12","them"
"space#13","they"
"space#14","it"
"space#15","they"
"space#16","they"
"space#16","they"
"space#17","their"
"space#18","it"
"space#19","its"
"space#20","it"
