{"chunk_definitions":[{"chunk_id":"cdea2sjkwgpml","chunk_label":"unnamed-chunk-1","document_id":"D7ADB6D9","expansion_state":0,"options":{"engine":"r","label":"unnamed-chunk-37"},"row":88,"row_count":1,"visible":true},{"chunk_id":"cfn0jzqy05mww","chunk_label":"unnamed-chunk-2","document_id":"D7ADB6D9","expansion_state":0,"options":{"engine":"r","label":"unnamed-chunk-31"},"row":101,"row_count":1,"visible":true},{"chunk_id":"csy5evucdfe2r","chunk_label":"unnamed-chunk-3","document_id":"D7ADB6D9","expansion_state":0,"options":{"engine":"r","label":"unnamed-chunk-44"},"row":106,"row_count":1,"visible":true},{"chunk_id":"cp7705la3z0zu","chunk_label":"unnamed-chunk-4","document_id":"D7ADB6D9","expansion_state":0,"options":{"engine":"r","label":"unnamed-chunk-60"},"row":126,"row_count":1,"visible":true},{"chunk_id":"cdlaq15ku5gow","chunk_label":"unnamed-chunk-5","document_id":"D7ADB6D9","expansion_state":0,"options":{"engine":"r","label":"unnamed-chunk-61"},"row":133,"row_count":1,"visible":true},{"chunk_id":"c2w5veymj2c8i","chunk_label":"unnamed-chunk-6","document_id":"D7ADB6D9","expansion_state":0,"options":{"engine":"r","label":"unnamed-chunk-54"},"row":140,"row_count":1,"visible":true}],"chunk_rendered_width":700,"doc_write_time":1579878085}