{"chunk_definitions":[{"chunk_id":"cx5q3d03ukpny","chunk_label":"unnamed-chunk-1","document_id":"A1E9A18A","expansion_state":0,"options":{"engine":"r","label":"unnamed-chunk-1"},"row":20,"row_count":1,"visible":true},{"chunk_id":"c3n4cdmhsgqq2","chunk_label":"unnamed-chunk-2","document_id":"A1E9A18A","expansion_state":0,"options":{"engine":"r","label":"unnamed-chunk-3"},"row":28,"row_count":1,"visible":true},{"chunk_id":"comvm8ure4nlg","chunk_label":"unnamed-chunk-3","document_id":"A1E9A18A","expansion_state":0,"options":{"engine":"r","label":"unnamed-chunk-4"},"row":39,"row_count":1,"visible":true},{"chunk_id":"c3yyv1fde4c3o","chunk_label":"unnamed-chunk-4","document_id":"A1E9A18A","expansion_state":0,"options":{"engine":"r","label":"unnamed-chunk-5"},"row":66,"row_count":1,"visible":true},{"chunk_id":"c7iy5nuvi4foh","chunk_label":"unnamed-chunk-5","document_id":"A1E9A18A","expansion_state":0,"options":{"engine":"r","label":"unnamed-chunk-6"},"row":107,"row_count":1,"visible":true},{"chunk_id":"cpv498jqlbk6q","chunk_label":"unnamed-chunk-6","document_id":"A1E9A18A","expansion_state":0,"options":{"engine":"r","label":"unnamed-chunk-8"},"row":119,"row_count":1,"visible":true},{"chunk_id":"c6wwyq6rjzm0t","chunk_label":"unnamed-chunk-7","document_id":"A1E9A18A","expansion_state":0,"options":{"engine":"r","label":"unnamed-chunk-9"},"row":151,"row_count":1,"visible":true},{"chunk_id":"cp9jpemcabatn","chunk_label":"unnamed-chunk-8","document_id":"A1E9A18A","expansion_state":0,"options":{"engine":"r","label":"unnamed-chunk-24"},"row":179,"row_count":1,"visible":true},{"chunk_id":"c77hi16oiclrj","chunk_label":"unnamed-chunk-9","document_id":"A1E9A18A","expansion_state":0,"options":{"engine":"r","label":"unnamed-chunk-23"},"row":187,"row_count":1,"visible":true}],"doc_write_time":1579195766}