{"chunk_definitions":[{"chunk_id":"cfn0jzqy05mww","chunk_label":"unnamed-chunk-2","document_id":"D7ADB6D9","expansion_state":0,"options":{"engine":"r","label":"unnamed-chunk-2"},"row":101,"row_count":1,"visible":true},{"chunk_id":"csy5evucdfe2r","chunk_label":"unnamed-chunk-3","document_id":"D7ADB6D9","expansion_state":0,"options":{"engine":"r","label":"unnamed-chunk-3"},"row":106,"row_count":1,"visible":true},{"chunk_id":"cp7705la3z0zu","chunk_label":"unnamed-chunk-4","document_id":"D7ADB6D9","expansion_state":0,"options":{"engine":"r","label":"unnamed-chunk-29"},"row":123,"row_count":1,"visible":true},{"chunk_id":"cm2bzfp51f1wb","chunk_label":"unnamed-chunk-5","document_id":"C3E69B44","expansion_state":0,"options":{"engine":"r","label":"unnamed-chunk-38"},"row":129,"row_count":1,"visible":true},{"chunk_id":"cm873hu2f2lda","chunk_label":"unnamed-chunk-6","document_id":"C3E69B44","expansion_state":0,"options":{"engine":"r","label":"unnamed-chunk-48"},"row":138,"row_count":1,"visible":true},{"chunk_id":"cuq759t687z4r","chunk_label":"unnamed-chunk-7","document_id":"C3E69B44","expansion_state":0,"options":{"engine":"r","label":"unnamed-chunk-46"},"row":156,"row_count":1,"visible":true}],"doc_write_time":1579879060}