{"chunk_definitions":[{"chunk_id":"cnxxoptsdgsba","chunk_label":"unnamed-chunk-1","document_id":"DB988078","expansion_state":0,"options":{"engine":"r","label":"unnamed-chunk-2"},"row":18,"row_count":1,"visible":true},{"chunk_id":"c1g8u02wutqxd","chunk_label":"unnamed-chunk-2","document_id":"DB988078","expansion_state":0,"options":{"engine":"r","label":"unnamed-chunk-5"},"row":24,"row_count":1,"visible":true},{"chunk_id":"cxmmgsmogfjo7","chunk_label":"unnamed-chunk-3","document_id":"DB988078","expansion_state":0,"options":{"engine":"r","label":"unnamed-chunk-6"},"row":29,"row_count":1,"visible":true},{"chunk_id":"cu7svl7i7igkh","chunk_label":"unnamed-chunk-9","document_id":"DB988078","expansion_state":0,"options":{"engine":"r","label":"unnamed-chunk-11"},"row":61,"row_count":1,"visible":true},{"chunk_id":"chnud2iuoj7p3","chunk_label":"unnamed-chunk-10","document_id":"DB988078","expansion_state":0,"options":{"engine":"r","label":"unnamed-chunk-12"},"row":67,"row_count":1,"visible":true},{"chunk_id":"c7odkbq7ubdjz","chunk_label":"unnamed-chunk-12","document_id":"DB988078","expansion_state":0,"options":{"engine":"r","label":"unnamed-chunk-16"},"row":82,"row_count":1,"visible":true},{"chunk_id":"c3i0u167ls9mi","chunk_label":"unnamed-chunk-14","document_id":"DB988078","expansion_state":0,"options":{"engine":"r","label":"unnamed-chunk-15"},"row":99,"row_count":1,"visible":true},{"chunk_id":"c0v80y3qavv5e","chunk_label":"unnamed-chunk-15","document_id":"DB988078","expansion_state":0,"options":{"engine":"r","label":"unnamed-chunk-14"},"row":106,"row_count":1,"visible":true},{"chunk_id":"cwvmzvi0r15a3","chunk_label":"unnamed-chunk-16","document_id":"DB988078","expansion_state":0,"options":{"engine":"r","label":"unnamed-chunk-19"},"row":115,"row_count":1,"visible":true}],"doc_write_time":1574985631}