{"chunk_definitions":[{"chunk_id":"c5l164xtgzali","chunk_label":"unnamed-chunk-1","document_id":"7556F6BD","expansion_state":0,"options":{"engine":"r","label":"unnamed-chunk-6"},"row":20,"row_count":1,"visible":true},{"chunk_id":"cwclpi9e0b04v","chunk_label":"unnamed-chunk-3","document_id":"7556F6BD","expansion_state":0,"options":{"engine":"r","label":"unnamed-chunk-16"},"row":50,"row_count":1,"visible":true},{"chunk_id":"cuyt5pdzhq73r","chunk_label":"unnamed-chunk-4","document_id":"7556F6BD","expansion_state":0,"options":{"engine":"r","label":"unnamed-chunk-17"},"row":77,"row_count":1,"visible":true}],"doc_write_time":1579179109}