{"chunk_definitions":[{"chunk_id":"cnxxoptsdgsba","chunk_label":"unnamed-chunk-1","document_id":"DB988078","expansion_state":0,"options":{"engine":"r","label":"unnamed-chunk-6"},"row":18,"row_count":1,"visible":true},{"chunk_id":"c1g8u02wutqxd","chunk_label":"unnamed-chunk-2","document_id":"DB988078","expansion_state":0,"options":{"engine":"r","label":"unnamed-chunk-7"},"row":24,"row_count":1,"visible":true},{"chunk_id":"cxmmgsmogfjo7","chunk_label":"unnamed-chunk-3","document_id":"DB988078","expansion_state":0,"options":{"engine":"r","label":"unnamed-chunk-8"},"row":29,"row_count":1,"visible":true},{"chunk_id":"cfei2r8eiabp0","chunk_label":"unnamed-chunk-4","document_id":"DB988078","expansion_state":0,"options":{"engine":"r","label":"unnamed-chunk-9"},"row":34,"row_count":1,"visible":true},{"chunk_id":"cma1wgh8ux9x6","chunk_label":"unnamed-chunk-5","document_id":"DB988078","expansion_state":0,"options":{"engine":"r","label":"unnamed-chunk-10"},"row":38,"row_count":1,"visible":true},{"chunk_id":"cbnq8b2qpug23","chunk_label":"unnamed-chunk-6","document_id":"DB988078","expansion_state":0,"options":{"engine":"r","label":"unnamed-chunk-11"},"row":44,"row_count":1,"visible":true},{"chunk_id":"cs6uswv0tzqi0","chunk_label":"unnamed-chunk-7","document_id":"DB988078","expansion_state":0,"options":{"engine":"r","label":"unnamed-chunk-12"},"row":49,"row_count":1,"visible":true},{"chunk_id":"c05lcexslzi48","chunk_label":"unnamed-chunk-8","document_id":"DB988078","expansion_state":0,"options":{"engine":"r","label":"unnamed-chunk-13"},"row":55,"row_count":1,"visible":true},{"chunk_id":"cu7svl7i7igkh","chunk_label":"unnamed-chunk-9","document_id":"DB988078","expansion_state":0,"options":{"engine":"r","label":"unnamed-chunk-14"},"row":61,"row_count":1,"visible":true},{"chunk_id":"chnud2iuoj7p3","chunk_label":"unnamed-chunk-10","document_id":"DB988078","expansion_state":0,"options":{"engine":"r","label":"unnamed-chunk-15"},"row":67,"row_count":1,"visible":true},{"chunk_id":"cwcnhfggr1bjg","chunk_label":"unnamed-chunk-11","document_id":"DB988078","expansion_state":0,"options":{"engine":"r","label":"unnamed-chunk-16"},"row":75,"row_count":1,"visible":true},{"chunk_id":"c7odkbq7ubdjz","chunk_label":"unnamed-chunk-12","document_id":"DB988078","expansion_state":0,"options":{"engine":"r","label":"unnamed-chunk-17"},"row":82,"row_count":1,"visible":true},{"chunk_id":"cgv532emxrw72","chunk_label":"unnamed-chunk-13","document_id":"DB988078","expansion_state":0,"options":{"engine":"r","label":"unnamed-chunk-49"},"row":90,"row_count":1,"visible":true}],"chunk_rendered_width":700,"doc_write_time":1574987293}