{"chunk_definitions":[{"chunk_id":"c2egazes0o6v9","chunk_label":"unnamed-chunk-1","document_id":"7556F6BD","expansion_state":0,"options":{"engine":"r","label":"unnamed-chunk-18"},"row":27,"row_count":1,"visible":true},{"chunk_id":"cpvugwrm0gyyj","chunk_label":"unnamed-chunk-2","document_id":"7556F6BD","expansion_state":0,"options":{"engine":"r","label":"unnamed-chunk-10"},"row":32,"row_count":1,"visible":true},{"chunk_id":"cg9stcszayy87","chunk_label":"unnamed-chunk-3","document_id":"7556F6BD","expansion_state":0,"options":{"engine":"r","label":"unnamed-chunk-19"},"row":46,"row_count":1,"visible":true},{"chunk_id":"cnx6k2xwu752n","chunk_label":"unnamed-chunk-4","document_id":"7556F6BD","expansion_state":0,"options":{"engine":"r","label":"unnamed-chunk-21"},"row":87,"row_count":1,"visible":true}],"doc_write_time":1579186268}