{"chunk_definitions":[{"chunk_id":"ca2gueckwjfal","chunk_label":"unnamed-chunk-1","document_id":"7556F6BD","expansion_state":0,"options":{"engine":"r","label":"unnamed-chunk-9"},"row":20,"row_count":1,"visible":true},{"chunk_id":"ci85mfx3nemos","chunk_label":"unnamed-chunk-2","document_id":"7556F6BD","expansion_state":0,"options":{"engine":"r","label":"unnamed-chunk-4"},"row":25,"row_count":1,"visible":true},{"chunk_id":"c2na4z4to0ddd","chunk_label":"unnamed-chunk-3","document_id":"7556F6BD","expansion_state":0,"options":{"engine":"r","label":"unnamed-chunk-15"},"row":51,"row_count":1,"visible":true},{"chunk_id":"cfbld6zm5gkf2","chunk_label":"unnamed-chunk-4","document_id":"7556F6BD","expansion_state":0,"options":{"engine":"r","label":"unnamed-chunk-16"},"row":78,"row_count":1,"visible":true}],"doc_write_time":1579182019}