{"chunk_definitions":[{"chunk_id":"cwv711crx61s0","chunk_label":"unnamed-chunk-1","document_id":"A1E9A18A","expansion_state":0,"options":{"engine":"r","label":"unnamed-chunk-48"},"row":20,"row_count":1,"visible":true},{"chunk_id":"cfr0mzqe3u6xk","chunk_label":"unnamed-chunk-3","document_id":"A1E9A18A","expansion_state":0,"options":{"engine":"r","label":"unnamed-chunk-50"},"row":39,"row_count":1,"visible":true},{"chunk_id":"cywnyfki9g21u","chunk_label":"unnamed-chunk-4","document_id":"A1E9A18A","expansion_state":0,"options":{"engine":"r","label":"unnamed-chunk-51"},"row":66,"row_count":1,"visible":true},{"chunk_id":"cjjhloa90mu07","chunk_label":"unnamed-chunk-5","document_id":"A1E9A18A","expansion_state":0,"options":{"engine":"r","label":"unnamed-chunk-52"},"row":106,"row_count":1,"visible":true},{"chunk_id":"c31fndbb7g6b6","chunk_label":"unnamed-chunk-6","document_id":"A1E9A18A","expansion_state":0,"options":{"engine":"r","label":"unnamed-chunk-41"},"row":119,"row_count":1,"visible":true},{"chunk_id":"confvslkk1ldi","chunk_label":"unnamed-chunk-7","document_id":"A1E9A18A","expansion_state":0,"options":{"engine":"r","label":"unnamed-chunk-40"},"row":137,"row_count":1,"visible":true},{"chunk_id":"c0y3pb38umr18","chunk_label":"unnamed-chunk-8","document_id":"A1E9A18A","expansion_state":0,"options":{"engine":"r","label":"unnamed-chunk-47"},"row":159,"row_count":1,"visible":true}],"chunk_rendered_width":700,"doc_write_time":1579189232}